model,n,logloss,top1,top3
freq_indep,1954,4.720046878784985,0.012282497441146366,0.03326509723643808
