model,window_days,logloss,top1,top3,n
freq_indep,180,4.7238034824049295,0.012286324786324786,0.08493589743589744,1872
freq_indep,365,4.6718925415337855,0.007947019867549669,0.08013245033112583,1510
