pair,n,expected,z,p_two_sided,p_fdr
98,38,22.3,3.3414088888256073,8.335436880330087e-4,0.08335436880330087
