pair,prob,z,p_fdr
31,0.02120395327942497,2.9157517055357207,0.177416380373426
98,0.01221922731356693,3.3414088888256073,0.08335436880330087
