pair,prob,z,p_fdr
98,0.01473495058400718,3.3414088888256073,0.08335436880330087
31,0.01365678346810422,2.9157517055357207,0.177416380373426
